file_name,avg_score,overall_score
9e8ff264f56adeeb36c051541b258785a0bd83d97f752a2a0b090cc4_front_image.jpg,0.060193954203795225,5.73826139257962e-49
