file_name,avg_score,overall_score
6b6f1db168b672fb44508b4231b7491eb94350ca91f0353148839ec0_front_image.jpg,0.07686856389045715,0.07686856389045715
